Fraction,Method,Strategy,N_folds,Mean_Baseline,CI95_Baseline,Mean_Method,CI95_Method,Mean_Diff,Std_Diff,CI95_Diff,t_stat,t_pval,Shapiro_p,Normal_diff,W_stat,W_pval,Cohens_d,Sig_t (p<0.05),Sig_W (p<0.05)
30pct,random,LOSO,20,0.755,"[0.7100, 0.7999]",0.8449,"[0.8166, 0.8733]",0.0899,0.0523,"[0.0654, 0.1144]",7.6891,0.0,0.7888,True,0.0,2e-06,1.7193,YES,YES
30pct,random,LOGO,5,0.676,"[0.5890, 0.7629]",0.8391,"[0.8007, 0.8775]",0.1632,0.047,"[0.1048, 0.2216]",7.7595,0.001487,0.311,True,0.0,0.0625,3.4702,YES,no
30pct,random_shift,LOSO,20,0.755,"[0.7100, 0.7999]",0.8376,"[0.8088, 0.8664]",0.0826,0.0604,"[0.0544, 0.1109]",6.119,7e-06,0.542,True,5.0,1.9e-05,1.3683,YES,YES
30pct,random_shift,LOGO,5,0.676,"[0.5890, 0.7629]",0.8314,"[0.7948, 0.8680]",0.1554,0.0528,"[0.0898, 0.2210]",6.5771,0.002766,0.582,True,0.0,0.0625,2.9414,YES,no
30pct,semihard,LOSO,20,0.755,"[0.7100, 0.7999]",0.79,"[0.7502, 0.8298]",0.035,0.0651,"[0.0046, 0.0655]",2.4077,0.026379,0.5066,True,43.0,0.019234,0.5384,YES,YES
30pct,semihard,LOGO,5,0.676,"[0.5890, 0.7629]",0.7688,"[0.7134, 0.8241]",0.0928,0.0518,"[0.0285, 0.1570]",4.009,0.01601,0.1333,True,0.0,0.0625,1.7929,YES,no
30pct,semihard_shift,LOSO,20,0.755,"[0.7100, 0.7999]",0.781,"[0.7430, 0.8190]",0.026,0.0502,"[0.0025, 0.0495]",2.3167,0.031845,0.9363,True,47.0,0.029575,0.518,YES,YES
30pct,semihard_shift,LOGO,5,0.676,"[0.5890, 0.7629]",0.7689,"[0.7251, 0.8127]",0.0929,0.0531,"[0.0270, 0.1589]",3.9133,0.017345,0.1738,True,0.0,0.0625,1.7501,YES,no
40pct,random,LOSO,20,0.7898,"[0.7466, 0.8329]",0.8546,"[0.8245, 0.8847]",0.0648,0.0441,"[0.0442, 0.0855]",6.5768,3e-06,0.0841,True,0.0,2e-06,1.4706,YES,YES
40pct,random,LOGO,5,0.7578,"[0.6996, 0.8160]",0.8394,"[0.8227, 0.8562]",0.0816,0.0423,"[0.0292, 0.1341]",4.3192,0.012455,0.5555,True,0.0,0.0625,1.9316,YES,no
40pct,random_shift,LOSO,20,0.7898,"[0.7466, 0.8329]",0.8597,"[0.8306, 0.8889]",0.07,0.0496,"[0.0467, 0.0932]",6.3063,5e-06,0.5607,True,3.0,1e-05,1.4101,YES,YES
40pct,random_shift,LOGO,5,0.7578,"[0.6996, 0.8160]",0.8458,"[0.8074, 0.8842]",0.088,0.0555,"[0.0191, 0.1569]",3.545,0.023906,0.9467,True,0.0,0.0625,1.5854,YES,no
40pct,semihard,LOSO,20,0.7898,"[0.7466, 0.8329]",0.8013,"[0.7717, 0.8309]",0.0115,0.0509,"[-0.0123, 0.0354]",1.014,0.323318,0.7283,True,83.0,0.430433,0.2267,no,no
40pct,semihard,LOGO,5,0.7578,"[0.6996, 0.8160]",0.7589,"[0.7204, 0.7973]",0.0011,0.0186,"[-0.0220, 0.0242]",0.1269,0.905152,0.5481,True,7.0,1.0,0.0567,no,no
40pct,semihard_shift,LOSO,20,0.7898,"[0.7466, 0.8329]",0.7969,"[0.7642, 0.8296]",0.0071,0.0494,"[-0.0160, 0.0302]",0.6429,0.527992,0.8155,True,78.0,0.493901,0.1437,no,no
40pct,semihard_shift,LOGO,5,0.7578,"[0.6996, 0.8160]",0.7878,"[0.7426, 0.8329]",0.03,0.0427,"[-0.0231, 0.0830]",1.5677,0.192024,0.9532,True,2.0,0.1875,0.7011,no,no
50pct,random,LOSO,20,0.7996,"[0.7575, 0.8418]",0.8532,"[0.8248, 0.8815]",0.0535,0.0428,"[0.0335, 0.0736]",5.586,2.2e-05,0.1043,True,2.0,6e-06,1.2491,YES,YES
50pct,random,LOGO,5,0.7665,"[0.7117, 0.8213]",0.8506,"[0.8133, 0.8879]",0.0841,0.0214,"[0.0575, 0.1106]",8.7897,0.000924,0.3436,True,0.0,0.0625,3.9309,YES,no
50pct,random_shift,LOSO,20,0.7996,"[0.7575, 0.8418]",0.8541,"[0.8234, 0.8847]",0.0544,0.0384,"[0.0365, 0.0724]",6.3346,4e-06,0.2508,True,0.0,2e-06,1.4165,YES,YES
50pct,random_shift,LOGO,5,0.7665,"[0.7117, 0.8213]",0.8493,"[0.8243, 0.8742]",0.0828,0.0252,"[0.0514, 0.1141]",7.3356,0.001838,0.3424,True,0.0,0.0625,3.2806,YES,no
50pct,semihard,LOSO,20,0.7996,"[0.7575, 0.8418]",0.8125,"[0.7797, 0.8453]",0.0129,0.0408,"[-0.0062, 0.0319]",1.4118,0.174188,0.4926,True,69.0,0.189348,0.3157,no,no
50pct,semihard,LOGO,5,0.7665,"[0.7117, 0.8213]",0.7997,"[0.7431, 0.8563]",0.0332,0.0315,"[-0.0060, 0.0723]",2.3518,0.078363,0.8126,True,1.0,0.125,1.0517,no,no
50pct,semihard_shift,LOSO,20,0.7996,"[0.7575, 0.8418]",0.8171,"[0.7845, 0.8497]",0.0175,0.0421,"[-0.0022, 0.0371]",1.8562,0.078999,0.7735,True,63.0,0.123093,0.4151,no,no
50pct,semihard_shift,LOGO,5,0.7665,"[0.7117, 0.8213]",0.7931,"[0.7436, 0.8425]",0.0266,0.0297,"[-0.0103, 0.0634]",2.0002,0.116093,0.0322,False,0.0,0.0625,0.8945,no,no
60pct,random,LOSO,20,0.811,"[0.7714, 0.8505]",0.8611,"[0.8303, 0.8920]",0.0502,0.0357,"[0.0335, 0.0669]",6.286,5e-06,0.654,True,5.0,1.9e-05,1.4056,YES,YES
60pct,random,LOGO,5,0.768,"[0.7087, 0.8272]",0.8573,"[0.8267, 0.8880]",0.0894,0.036,"[0.0447, 0.1341]",5.5516,0.005151,0.2718,True,0.0,0.0625,2.4827,YES,no
60pct,random_shift,LOSO,20,0.811,"[0.7714, 0.8505]",0.8657,"[0.8365, 0.8950]",0.0548,0.0391,"[0.0365, 0.0731]",6.2655,5e-06,0.1197,True,0.0,2e-06,1.401,YES,YES
60pct,random_shift,LOGO,5,0.768,"[0.7087, 0.8272]",0.8544,"[0.8158, 0.8931]",0.0865,0.0299,"[0.0493, 0.1237]",6.4614,0.002955,0.0149,False,0.0,0.0625,2.8896,YES,no
60pct,semihard,LOSO,20,0.811,"[0.7714, 0.8505]",0.8227,"[0.7843, 0.8610]",0.0117,0.0378,"[-0.0060, 0.0294]",1.3877,0.181291,0.3215,True,65.0,0.22733,0.3103,no,no
60pct,semihard,LOGO,5,0.768,"[0.7087, 0.8272]",0.7919,"[0.7486, 0.8352]",0.0239,0.0481,"[-0.0358, 0.0837]",1.1118,0.328543,0.7026,True,4.0,0.4375,0.4972,no,no
60pct,semihard_shift,LOSO,20,0.811,"[0.7714, 0.8505]",0.827,"[0.7959, 0.8581]",0.016,0.0409,"[-0.0031, 0.0352]",1.7522,0.09586,0.6014,True,65.0,0.142906,0.3918,no,no
60pct,semihard_shift,LOGO,5,0.768,"[0.7087, 0.8272]",0.7975,"[0.7482, 0.8468]",0.0296,0.0376,"[-0.0171, 0.0763]",1.7571,0.153734,0.7393,True,2.0,0.1875,0.7858,no,no
70pct,random,LOSO,20,0.815,"[0.7729, 0.8570]",0.8666,"[0.8389, 0.8942]",0.0516,0.0454,"[0.0304, 0.0728]",5.0852,6.6e-05,0.5958,True,8.0,4.8e-05,1.1371,YES,YES
70pct,random,LOGO,5,0.8093,"[0.7556, 0.8629]",0.8661,"[0.8352, 0.8970]",0.0568,0.0245,"[0.0264, 0.0872]",5.1862,0.006578,0.8297,True,0.0,0.0625,2.3193,YES,no
70pct,random_shift,LOSO,20,0.815,"[0.7729, 0.8570]",0.8689,"[0.8425, 0.8954]",0.054,0.0502,"[0.0305, 0.0775]",4.8039,0.000123,0.0178,False,3.0,1e-05,1.0742,YES,YES
70pct,random_shift,LOGO,5,0.8093,"[0.7556, 0.8629]",0.8586,"[0.8414, 0.8757]",0.0493,0.0328,"[0.0086, 0.0900]",3.3655,0.028161,0.4572,True,0.0,0.0625,1.5051,YES,no
70pct,semihard,LOSO,20,0.815,"[0.7729, 0.8570]",0.8314,"[0.7989, 0.8639]",0.0164,0.0425,"[-0.0035, 0.0363]",1.7274,0.100314,0.9049,True,59.0,0.089695,0.3863,no,no
70pct,semihard,LOGO,5,0.8093,"[0.7556, 0.8629]",0.81,"[0.7631, 0.8570]",0.0008,0.0461,"[-0.0565, 0.0580]",0.0368,0.972439,0.2534,True,5.0,0.625,0.0164,no,no
70pct,semihard_shift,LOSO,20,0.815,"[0.7729, 0.8570]",0.8357,"[0.8052, 0.8663]",0.0208,0.0415,"[0.0013, 0.0402]",2.2366,0.037499,0.7676,True,54.0,0.058258,0.5001,YES,no
70pct,semihard_shift,LOGO,5,0.8093,"[0.7556, 0.8629]",0.8063,"[0.7753, 0.8372]",-0.003,0.0296,"[-0.0398, 0.0337]",-0.2285,0.830487,0.1681,True,6.0,0.8125,-0.1022,no,no
100pct,random,LOSO,20,0.835,"[0.7985, 0.8715]",0.8773,"[0.8509, 0.9038]",0.0423,0.036,"[0.0255, 0.0592]",5.2584,4.5e-05,0.4646,True,7.0,3.6e-05,1.1758,YES,YES
100pct,random,LOGO,5,0.811,"[0.7641, 0.8580]",0.8638,"[0.8434, 0.8843]",0.0528,0.0237,"[0.0234, 0.0822]",4.9868,0.007561,0.3851,True,0.0,0.0625,2.2302,YES,no
100pct,random_shift,LOSO,20,0.835,"[0.7985, 0.8715]",0.8818,"[0.8549, 0.9087]",0.0468,0.0348,"[0.0305, 0.0630]",6.0094,9e-06,0.4049,True,2.0,6e-06,1.3437,YES,YES
100pct,random_shift,LOGO,5,0.811,"[0.7641, 0.8580]",0.865,"[0.8435, 0.8865]",0.0539,0.0274,"[0.0199, 0.0880]",4.3973,0.011715,0.995,True,0.0,0.0625,1.9665,YES,no
100pct,semihard,LOSO,20,0.835,"[0.7985, 0.8715]",0.8519,"[0.8214, 0.8825]",0.0169,0.0416,"[-0.0026, 0.0364]",1.8185,0.084795,0.7493,True,52.0,0.048441,0.4066,no,YES
100pct,semihard,LOGO,5,0.811,"[0.7641, 0.8580]",0.8157,"[0.7161, 0.9152]",0.0046,0.0568,"[-0.0659, 0.0752]",0.1826,0.864027,0.0107,False,5.0,0.625,0.0816,no,no
100pct,semihard_shift,LOSO,20,0.835,"[0.7985, 0.8715]",0.8499,"[0.8195, 0.8804]",0.0149,0.0426,"[-0.0050, 0.0349]",1.5672,0.13358,0.0007,False,40.0,0.013617,0.3504,no,YES
100pct,semihard_shift,LOGO,5,0.811,"[0.7641, 0.8580]",0.8123,"[0.7718, 0.8529]",0.0013,0.0316,"[-0.0379, 0.0405]",0.0921,0.931042,0.7523,True,7.0,1.0,0.0412,no,no
